A*29:25~C*18:01g,0.06250010182311
A*11:01g~C*05:52,0.03645839273011
A*68:70~C*05:114,0.03125005091155
A*11:01g~C*05:99g,0.03125005091155
A*30:13~C*01:02g,0.02604170909296
A*03:02g~C*03:02g,0.02604170909296
A*02:77~C*16:02g,0.02604170909296
A*32:33~C*04:01g,0.02604170775059
A*24:02g~C*01:02g,0.02314818586041
A*24:02g~C*04:01g,0.02130845007412
A*03:217~C*05:52,0.02083336727441
A*03:217~C*15:02g,0.02083336727437
A*02:454~C*08:67,0.02083336727437
A*26:04~C*07:37,0.02083336727437
A*02:570~C*02:58,0.02083336727437
A*02:77~C*05:52,0.02083336727437
A*68:94N~C*14:71,0.02083336727166
A*02:258~C*01:02g,0.01562502545578
A*23:01g~C*06:76,0.01562502545578
A*32:73~C*14:02g,0.01562502545578
A*29:67~C*07:02g,0.01562502545578
A*66:10~C*12:130,0.01562502545578
A*03:93~C*12:13,0.01562502545578
A*66:10~C*14:02g,0.01562502545578
A*23:01g~C*15:06,0.01562502545578
A*68:70~C*05:01g,0.01562502545578
A*02:163~C*06:76,0.01562502545578
A*03:217~C*01:02g,0.01562502545574
A*03:239~C*04:01g,0.01562502545569
A*23:06~C*01:02g,0.01562502470742
A*24:02g~C*05:99g,0.01562493147467
A*30:73N~C*04:01g,0.01420450451145
A*23:06~C*04:01g,0.01065342778949
A*33:27~C*03:37,0.01041668363719
A*33:27~C*03:04g,0.01041668363719
A*11:109N~C*01:02g,0.01041668363719
A*29:67~C*01:112,0.01041668363719
A*29:67~C*01:113,0.01041668363719
A*29:36~C*14:02g,0.01041668363719
A*23:06~C*07:246,0.01041668363719
A*02:454~C*05:01g,0.01041668363719
A*02:454~C*01:112,0.01041668363719
A*02:77~C*07:246,0.01041668363719
A*24:02g~C*12:13,0.00925927434416
A*02:259~C*14:71,0.00520834182131
A*68:01g~C*03:37,0.00520834181859
A*30:73N~C*03:144,0.00520834181859
A*02:77~C*01:63g,0.00520834181859
A*24:05g~C*06:76,0.00520834181859
A*29:01g~C*07:37,0.00520834181859
A*23:03~C*07:37,0.00520834181859
A*23:01g~C*16:64,0.00520834181859
A*33:27~C*03:02g,0.00520834181859
A*29:02g~C*01:63g,0.00520834181859
A*02:158~C*07:01g,0.00520834181859
A*02:289~C*07:246,0.00520834181859
A*03:93~C*01:02g,0.00520834181859
A*02:163~C*01:02g,0.00520834181859
A*30:13~C*12:30,0.00520834181859
A*30:13~C*03:04g,0.00520834181859
A*24:02g~C*08:67,0.00520834181859
A*32:73~C*01:02g,0.00520834181859
A*24:215~C*18:01g,0.00520834181859
A*23:01g~C*02:58,0.00520834181859
A*11:151~C*04:124,0.00520834181859
A*30:73N~C*05:114,0.00520834181859
A*24:02g~C*01:113,0.00520834181859
A*26:04~C*05:52,0.00520834181859
A*29:25~C*03:188,0.00520834181859
A*03:02g~C*04:124,0.00520834181859
A*02:259~C*03:02g,0.00520834181588
A*23:06~C*04:124,0.00520834122458
A*02:158~C*04:124,0.00520834107023
A*32:75~C*04:01g,0.00520680872351
A*23:01g~C*07:26g,0.00434028484883
A*24:50~C*01:02g,0.00289352323255
A*24:02g~C*04:04,0.00142024531348
A*24:02g~C*04:110,0.00142024414326
A*24:02g~C*04:15,0.00142024393412
A*24:02g~C*04:29,0.00142024088777
A*24:02g~C*04:08,0.00142024076959
A*24:02g~C*04:52,0.00142023988764
A*24:02g~C*04:10g,0.00142023988268
A*24:50~C*12:13,0.00115740929302
A*30:73N~C*04:10g,0.00094696696884
A*30:73N~C*04:52,0.00094696696884
A*30:73N~C*04:08,0.00094696696884
A*30:73N~C*04:29,0.00094696696884
A*30:73N~C*04:15,0.00094696696882
A*30:73N~C*04:110,0.00094696696882
A*30:73N~C*04:04,0.00094696696882
A*23:04~C*07:26g,0.00086805696977
A*23:06~C*04:52,0.00071022842981
A*23:06~C*04:29,0.00071022842981
A*23:06~C*04:15,0.00071022842981
A*23:06~C*04:10g,0.00071022842981
A*23:06~C*04:08,0.00071022842981
A*23:06~C*04:04,0.00071022842981
A*23:06~C*04:110,0.00071022842981
